[
  {
    "dimension": {
      "f_135804_": "minecraft",
      "f_135805_": "overworld"
    },
    "id": "8be2d976-9a8c-43d9-a321-b58701f0bc79",
    "ownerID": "efb46329-42a0-3003-a469-31a51d6cfa49",
    "pos": {
      "f_123285_": 12,
      "f_123286_": 130,
      "f_123289_": 0
    },
    "type": 0
  },
  {
    "dimension": {
      "f_135804_": "minecraft",
      "f_135805_": "overworld"
    },
    "id": "da05f320-774a-4cde-ab57-eaf2a1efb253",
    "ownerID": "013e2a78-1b61-3ff9-a8d9-826768f7ad1f",
    "pos": {
      "f_123285_": 215,
      "f_123286_": 68,
      "f_123289_": -298
    },
    "type": 0
  },
  {
    "dimension": {
      "f_135804_": "minecraft",
      "f_135805_": "overworld"
    },
    "id": "27cde0e2-8890-4540-9647-8da51957f1ad",
    "ownerID": "efb46329-42a0-3003-a469-31a51d6cfa49",
    "pos": {
      "f_123285_": 9,
      "f_123286_": 131,
      "f_123289_": 3
    },
    "type": 0
  }
]