{"stats":{"minecraft:killed_by":{"minecraft:player":3,"minecraft:stray":2,"minecraft:creeper":1,"enemyexpansion:sprinter":1,"minecraft:skeleton":3,"minecraft:phantom":1},"minecraft:dropped":{"knightlib:small_essence":2,"minecraft:baked_potato":3,"minecraft:mossy_cobblestone":3,"minecraft:glass_bottle":2,"minecraft:diamond":13,"minecraft:cobblestone":1,"enigmaticlegacy:corrupted_tome":4,"undead_unleashed:grave_metal_scrap":1,"minecraft:acacia_log":7,"forbidden_arcanus:spawner_scrap":1,"minecraft:iron_axe":1,"minecraft:dark_oak_planks":4,"quark:black_shard":5,"minecraft:pointed_dripstone":6,"enigmaticlegacy:tattered_tome":7,"iter_rpg:spawner_fragment":1,"minecraft:stripped_acacia_wood":1,"farmersdelight:flint_knife":1,"minecraft:gunpowder":1,"minecraft:arrow":4},"minecraft:picked_up":{"iter_rpg:spawner_fragment":3,"minecraft:crafting_table":1,"minecraft:wheat":8,"enigmaticlegacy:corrupted_tome":3,"cisco_mod:divine_core":1,"minecraft:oak_stairs":1,"enigmaticlegacy:tattered_tome":6,"minecraft:iron_axe":1,"minecraft:spruce_planks":3,"quark:black_shard":5,"minecraft:spruce_slab":1,"knightlib:small_essence":3,"minecraft:raw_iron":5,"apotheosis:gem":1,"minecraft:torch":1,"minecraft:acacia_log":7,"minecraft:green_bed":1,"minecraft:pointed_dripstone":6,"minecraft:dark_oak_planks":5,"minecraft:tnt":1,"minecraft:arrow":4,"cisco_mod:brightsteel_boots":1,"minecraft:hay_block":2,"forbidden_arcanus:spawner_scrap":4,"cisco_mod:champion_coin":6,"minecraft:cobblestone":4,"ars_nouveau:source_berry":27,"alexsmobs:acacia_blossom":1,"minecraft:oak_log":2,"minecraft:gunpowder":1,"farmersdelight:flint_knife":1,"minecraft:dirt":284,"minecraft:lantern":1,"minecraft:bone":1,"minecraft:stone_bricks":2,"minecraft:wheat_seeds":15,"minecraft:mossy_stone_bricks":6,"minecraft:glass_bottle":3,"twigs:twig":1,"apotheosis:gem_dust":1,"minecraft:acacia_sapling":2,"minecraft:book":1,"minecraft:polished_andesite_stairs":1,"minecraft:stripped_acacia_wood":1,"cisco_mod:brightsteelblock":2,"undead_unleashed:grave_metal_scrap":1,"ars_elemental:yellow_archwood_log":2,"minecraft:mossy_cobblestone":3,"minecraft:diamond":1,"minecraft:iron_helmet":1,"minecraft:granite":4,"minecraft:diamond_axe":1,"minecraft:terracotta":13,"cisco_mod:brightsteel_ingot":35,"minecraft:bricks":2,"minecolonies:supplycampdeployer":1},"minecraft:custom":{"enigmaticlegacy:play_time_with_seven_curses":41591,"lootr:looted_stat":18,"minecraft:mob_kills":5,"minecraft:interact_with_crafting_table":8,"minecraft:open_barrel":1,"minecraft:damage_dealt_resisted":0,"minecraft:leave_game":2,"minecraft:time_since_death":130,"minecraft:climb_one_cm":1938,"minecraft:damage_resisted":411,"minecraft:sprint_one_cm":4869,"minecraft:walk_one_cm":364745,"minecraft:drop":41,"minecraft:play_time":64708,"minecraft:deaths":15,"minecraft:sneak_time":2824,"minecraft:walk_under_water_one_cm":269,"minecraft:jump":349,"minecraft:walk_on_water_one_cm":1948,"minecraft:total_world_time":64708,"enigmaticlegacy:play_time_without_seven_curses":22650,"minecraft:sleep_in_bed":2,"minecraft:time_since_rest":156,"minecraft:damage_taken":5025,"minecraft:damage_absorbed":16,"minecraft:damage_dealt":1952,"minecraft:fly_one_cm":69376,"minecraft:open_chest":4,"minecraft:crouch_one_cm":19442,"minecraft:aviate_one_cm":2014068,"minecraft:fall_one_cm":96004},"minecraft:killed":{"minecraft:phantom":1,"minecraft:skeleton":1,"enemyexpansion:sprinter":1,"minecraft:zombie":1,"enemyexpansion:botfly":1},"minecraft:crafted":{"minecraft:diamond_shovel":1,"cisco_mod:brightsteel_chestplate":1,"minecraft:iron_axe":1,"cisco_mod:brightsteel_boots":1,"minecraft:crafting_table":1,"cisco_mod:brightsteel_helmet":1,"minecraft:stick":4,"cisco_mod:brightsteel_leggings":1},"minecraft:used":{"minecraft:trident":4,"minecraft:spruce_slab":1,"minecraft:iron_sword":50,"minecraft:stick":1,"minecraft:torch":10,"minecraft:dirt":36,"minecraft:granite":4,"minecraft:honey_bottle":8,"minecraft:dark_oak_planks":1,"minecraft:lantern":1,"minecraft:iron_axe":10,"minecraft:oak_stairs":1,"minecraft:polished_andesite_stairs":1,"minecraft:stone_bricks":2,"ars_nouveau:source_berry":12,"minecraft:hay_block":1,"minecraft:mossy_stone_bricks":6,"minecraft:oak_planks":2,"minecraft:diamond_axe":1,"minecraft:green_bed":1,"minecraft:terracotta":13,"minecraft:crafting_table":3,"minecolonies:supplychestdeployer":1,"minecraft:diamond_pickaxe":72,"minecraft:diamond_shovel":191,"minecraft:bread":9,"minecraft:cobblestone":3,"cisco_mod:brightsteel_chestplate":1},"minecraft:mined":{"ars_elemental:yellow_archwood_leaves":1,"undead_unleashed:chiseled_shaded_bricks":2,"minecraft:mossy_cobblestone":4,"minecraft:candle":4,"minecraft:granite":4,"minecraft:acacia_log":7,"minecraft:grass_block":140,"ars_nouveau:sourceberry_bush":13,"minecraft:spawner":4,"minecraft:chiseled_stone_bricks":1,"minecraft:iron_ore":5,"minecraft:pointed_dripstone":4,"supplementaries:stick":1,"minecraft:stone":3,"minecraft:spruce_slab":1,"minecraft:green_bed":1,"minecraft:acacia_leaves":3,"undead_unleashed:shaded_bricks":2,"minecraft:crafting_table":1,"minecraft:torch":1,"minecraft:polished_andesite_stairs":1,"undead_unleashed:mossy_shaded_bricks":2,"minecraft:tall_grass":2,"minecraft:cobblestone":3,"ars_elemental:yellow_archwood_log":2,"minecraft:bricks":2,"minecraft:black_stained_glass":2,"byg:soapstone":8,"minecraft:lilac":1,"minecraft:tnt":2,"undead_unleashed:shaded_brick_stairs":2,"minecraft:grass":19,"minecraft:oak_log":2,"minecraft:dirt":46,"minecraft:cracked_stone_bricks":1,"minecraft:terracotta":13,"minecraft:polished_andesite":1,"minecraft:stone_bricks":5,"minecraft:mossy_stone_bricks":6}},"DataVersion":3120}