{"stats":{"minecraft:dropped":{"byg:biomepedia":1,"minecraft:iron_sword":1,"ars_nouveau:worn_notebook":1,"minecraft:gunpowder":7,"alexsmobs:animal_dictionary":1,"forbidden_arcanus:spawner_scrap":2,"enigmaticlegacy:tattered_tome":1,"minecraft:arrow":2,"alexsmobs:tendon_whip":1,"iter_rpg:spawner_fragment":1,"enemyexpansion:phantom_eye":1,"enigmaticlegacy:enigmatic_amulet":1,"patchouli:guide_book":3,"enigmaticlegacy:cursed_ring":1},"minecraft:picked_up":{"iter_rpg:spawner_fragment":1,"minecraft:tipped_arrow":1,"enemyexpansion:phantom_eye":1,"irons_spellbooks:frozen_bone":7,"minecraft:leather_leggings":2,"minecraft:oak_stairs":1,"enigmaticlegacy:tattered_tome":1,"minecraft:oak_log":14,"minecraft:gunpowder":14,"minecraft:cobblestone_stairs":1,"minecraft:leather_helmet":1,"simplyswords:diamond_twinblade":1,"minecraft:arrow":5,"minecraft:rotten_flesh":1,"majruszsaccessories:miner_guide":1,"minecraft:stone_bricks":2,"minecraft:cracked_stone_bricks":7,"minecraft:brick_stairs":1,"apotheosis:gem_dust":1,"minecraft:bricks":1,"minecraft:iron_bars":3,"forbidden_arcanus:spawner_scrap":5,"minecraft:cobblestone":20,"knightlib:small_essence":1},"minecraft:custom":{"minecraft:time_since_rest":12180,"enigmaticlegacy:play_time_with_seven_curses":0,"minecraft:sprint_one_cm":2833,"minecraft:walk_one_cm":117150,"lootr:looted_stat":7,"minecraft:damage_taken":1029,"minecraft:damage_absorbed":200,"minecraft:mob_kills":14,"minecraft:drop":17,"minecraft:damage_dealt":5531,"enigmaticlegacy:play_time_without_seven_curses":12180,"minecraft:fly_one_cm":11594,"minecraft:crouch_one_cm":229,"minecraft:play_time":12180,"minecraft:sneak_time":28,"minecraft:jump":50,"minecraft:aviate_one_cm":93020,"minecraft:damage_dealt_resisted":0,"minecraft:leave_game":1,"minecraft:time_since_death":12180,"minecraft:total_world_time":12180,"minecraft:damage_resisted":259,"minecraft:fall_one_cm":763},"minecraft:killed":{"mutantmonsters:creeper_minion":7,"minecraft:zombie":3,"minecraft:stray":1,"mutantmonsters:mutant_creeper":1,"majruszsdifficulty:cursed_armor":1,"minecraft:skeleton":1},"minecraft:used":{"minecraft:trident":3,"minecraft:diamond_pickaxe":6,"minecraft:iron_bars":2,"minecraft:flint_and_steel":1,"minecraft:bread":1,"simplyswords:diamond_twinblade":96,"minecraft:torch":2,"minecraft:golden_apple":6,"minecraft:tnt":4},"minecraft:mined":{"minecraft:iron_bars":2,"minecraft:spawner":4}},"DataVersion":3120}