{"stats":{"minecraft:killed_by":{"minecraft:skeleton":1},"minecraft:broken":{"minecraft:iron_pickaxe":1},"minecraft:dropped":{"byg:biomepedia":1,"minecraft:golden_boots":1,"knightlib:small_essence":4,"minecraft:baked_potato":1,"minecraft:mossy_cobblestone":1,"minecraft:glass_bottle":1,"irons_spellbooks:fireward_ring":1,"minecraft:iron_helmet":2,"cisco_mod:brightsteel_boots":1,"enigmaticlegacy:corrupted_tome":3,"undead_unleashed:grave_metal_scrap":1,"minecraft:chainmail_helmet":1,"minecraft:leather_helmet":1,"minecraft:stick":3,"minecraft:polished_andesite":1,"minecraft:emerald":1,"twigs:pebble":5,"minecraft:dirt":5,"ars_nouveau:worn_notebook":1,"forbidden_arcanus:spawner_scrap":3,"minecraft:oak_stairs":1,"minecraft:iron_leggings":1,"minecraft:string":2,"enigmaticlegacy:withered_tome":2,"minecraft:bone":3,"minecraft:gravel":4,"alexsmobs:animal_dictionary":1,"forbidden_arcanus:ender_pearl_fragment":2,"ringsofascension:ring_slow_falling":1,"majruszsaccessories:miner_guide":1,"minecraft:rotten_flesh":1,"minecraft:iron_boots":1,"enigmaticlegacy:tattered_tome":9,"simplyswords:diamond_twinblade":1,"iter_rpg:spawner_fragment":5,"minecraft:azure_bluet":3,"enemyexpansion:phantom_eye":1,"patchouli:guide_book":4,"enigmaticaddons:lost_engine":1,"enigmaticlegacy:cursed_ring":1,"bosses_of_mass_destruction:soul_star":1,"cisco_mod:brightsteel_ingot":35,"minecraft:gunpowder":2,"minecraft:spruce_planks":2,"minecraft:iron_chestplate":1,"minecraft:leather_leggings":1,"minecraft:spider_eye":3,"minecraft:stone_bricks":2,"minecraft:arrow":3,"forbidden_arcanus:arcane_crystal_dust_speck":1,"minecraft:red_tulip":1,"minecraft:magma_block":1},"minecraft:picked_up":{"iter_rpg:spawner_fragment":2,"irons_spellbooks:scroll":1,"minecraft:crafting_table":2,"minecraft:azure_bluet":3,"enigmaticlegacy:corrupted_tome":2,"minecraft:flower_pot":1,"minecraft:leather_leggings":1,"minecraft:oak_stairs":1,"enigmaticlegacy:tattered_tome":3,"minecraft:string":7,"apotheosis:epic_material":1,"minecraft:iron_leggings":1,"undead_unleashed:grave_metal_ingot":1,"minecraft:cracked_stone_bricks":4,"irons_spellbooks:arcane_essence":7,"bosses_of_mass_destruction:soul_star":1,"minecraft:spruce_planks":11,"minecraft:redstone_torch":4,"irons_spellbooks:epic_ink":1,"minecraft:iron_boots":1,"minecraft:phantom_membrane":3,"knightlib:small_essence":8,"minecraft:stick":1,"apotheosis:gem":10,"apotheosis:rare_material":5,"forbidden_arcanus:aureal_bottle":1,"minecraft:green_bed":5,"minecraft:porkchop":3,"minecraft:tnt":5,"irons_spellbooks:evocation_rune":1,"minecraft:arrow":16,"minecraft:rotten_flesh":24,"minecraft:red_tulip":1,"cisco_mod:champion_coin":29,"minecraft:iron_bars":8,"forbidden_arcanus:spawner_scrap":4,"minecraft:cobblestone":49,"minecraft:lilac":1,"minecraft:crimson_fungus":32,"minecraft:oak_log":2,"minecraft:golden_boots":1,"minecraft:gunpowder":2,"minecraft:dirt":17,"irons_spellbooks:rare_ink":1,"forbidden_arcanus:arcane_crystal_dust_speck":1,"minecraft:bone":27,"minecraft:orange_tulip":1,"minecraft:stone_bricks":2,"minecraft:bow":1,"minecraft:glass_bottle":1,"forbidden_arcanus:nipa":1,"minecraft:dark_oak_stairs":1,"enigmaticaddons:lost_engine":1,"minecraft:book":12,"enemyexpansion:phantom_eye":1,"minecraft:chiseled_stone_bricks":1,"irons_spellbooks:legendary_ink":1,"patchouli:guide_book":1,"minecraft:stripped_acacia_wood":1,"cisco_mod:brightsteelblock":2,"undead_unleashed:grave_metal_scrap":8,"minecraft:lily_of_the_valley":1,"minecraft:spider_eye":3,"minecraft:leather_helmet":1,"forbidden_arcanus:ender_pearl_fragment":2,"minecraft:polished_andesite":5,"minecraft:iron_helmet":1,"minecraft:golden_apple":1,"minecraft:emerald":1,"minecraft:baked_potato":1,"cisco_mod:brightsteel_ingot":4,"minecraft:dark_oak_fence":2},"minecraft:custom":{"enigmaticlegacy:play_time_with_seven_curses":0,"lootr:looted_stat":62,"minecraft:mob_kills":105,"minecraft:interact_with_crafting_table":11,"minecraft:damage_dealt_resisted":440,"minecraft:eat_cake_slice":2,"minecraft:leave_game":2,"minecraft:time_since_death":74776,"minecraft:climb_one_cm":1356,"minecraft:damage_resisted":873,"minecraft:sprint_one_cm":17694,"minecraft:walk_one_cm":657004,"minecraft:drop":102,"minecraft:talked_to_villager":1,"minecraft:play_time":125121,"minecraft:deaths":1,"minecraft:sneak_time":1640,"minecraft:walk_under_water_one_cm":90,"minecraft:jump":619,"minecraft:walk_on_water_one_cm":1729,"minecraft:total_world_time":125121,"minecraft:interact_with_furnace":1,"enigmaticlegacy:play_time_without_seven_curses":125096,"minecraft:pot_flower":1,"minecraft:sleep_in_bed":5,"minecraft:time_since_rest":24837,"minecraft:waystone_activated":3,"minecraft:damage_taken":3458,"minecraft:damage_absorbed":905,"minecraft:damage_dealt":31944,"minecraft:fly_one_cm":117538,"minecraft:player_kills":4,"minecraft:crouch_one_cm":6267,"minecraft:aviate_one_cm":1987458,"minecraft:fall_one_cm":67897},"minecraft:killed":{"savage_and_ravage:skeleton_villager":1,"minecraft:vex":2,"minecraft:spider":9,"minecraft:phantom":5,"minecraft:skeleton":14,"irons_spellbooks:archevoker":1,"enemyexpansion:scorpion":1,"minecraft:pig":1,"enemyexpansion:sprinter":1,"majruszsdifficulty:cursed_armor":6,"minecraft:creeper":5,"undead_unleashed:frenzied_knight":1,"minecraft:pillager":1,"minecraft:zombie":24,"enemyexpansion:botfly":10,"minecraft:stray":12,"undead_unleashed:haunter":8,"minecraft:enderman":1,"enemyexpansion:slugger":1},"minecraft:crafted":{"minecraft:oak_planks":8,"cisco_mod:brightsteel_chestplate":1,"minecraft:iron_boots":1,"cisco_mod:brightsteel_boots":1,"cisco_mod:brightsteel_helmet":1,"cisco_mod:brightsteel_ingot":63,"minecraft:iron_chestplate":1,"minecraft:golden_apple":3,"minecraft:gold_ingot":72,"minecraft:iron_leggings":1,"cisco_mod:brightsteel_leggings":1},"minecraft:used":{"minecraft:stripped_acacia_wood":1,"minecraft:iron_shovel":4,"minecraft:iron_sword":3,"simplyswords:diamond_twinblade":3,"minecraft:torch":2,"minecraft:dirt":1,"minecraft:spyglass":12,"minecraft:granite":2,"minecraft:honey_bottle":8,"minecraft:bricks":2,"minecraft:iron_axe":20,"simplyswords:icewhisper":135,"minecraft:iron_helmet":1,"minecraft:skeleton_skull":1,"minecraft:dark_oak_stairs":1,"minecraft:green_bed":5,"minecraft:cracked_stone_bricks":3,"minecraft:golden_apple":28,"minecraft:terracotta":5,"minecraft:tnt":2,"minecraft:crafting_table":3,"minecraft:redstone_torch":4,"minecraft:flower_pot":1,"minecraft:diamond_pickaxe":13,"minecraft:bread":2,"minecraft:iron_pickaxe":276,"minecraft:polished_granite":1,"minecraft:cobblestone":142,"minecraft:dark_oak_fence":1,"minecraft:experience_bottle":58},"minecraft:mined":{"minecraft:spruce_planks":12,"minecraft:mossy_cobblestone":1,"minecraft:dark_oak_fence":3,"minecraft:granite":13,"minecraft:grass_block":12,"minecraft:spawner":17,"minecraft:chiseled_stone_bricks":1,"minecraft:magma_block":1,"minecraft:azure_bluet":4,"minecraft:gold_block":14,"minecraft:dark_oak_stairs":1,"minecraft:red_tulip":1,"minecraft:bookshelf":4,"ars_nouveau:red_archwood_log":3,"minecraft:oak_stairs":1,"minecraft:iron_bars":20,"minecraft:pink_tulip":1,"minecraft:white_tulip":1,"minecraft:stone":155,"minecraft:green_bed":5,"minecraft:potted_lily_of_the_valley":1,"minecraft:polished_granite":3,"minecraft:crafting_table":2,"minecraft:white_stained_glass_pane":1,"minecraft:cobblestone":3,"minecraft:bricks":2,"minecraft:diorite":2,"minecraft:birch_leaves":5,"minecraft:orange_tulip":1,"minecraft:tnt":4,"minecraft:grass":7,"minecraft:oak_log":2,"forbidden_arcanus:nipa":1,"minecraft:gravel":6,"minecraft:dirt":7,"structure_gel:dynamic_spawner":1,"minecraft:cracked_stone_bricks":9,"minecraft:terracotta":16,"minecraft:polished_andesite":3,"minecraft:stone_bricks":6,"minecraft:stripped_acacia_wood":2}},"DataVersion":3120}