{"stats":{"minecraft:killed_by":{"minecraft:player":1,"minecraft:skeleton":3,"minecraft:spider":1,"majruszsdifficulty:cursed_armor":1,"mutantmonsters:mutant_creeper":1},"minecraft:dropped":{"farmersdelight:tomato_seeds":3,"enigmaticaddons:earth_heart_fragment":2,"minecraft:wheat_seeds":11,"minecraft:diamond_axe":2,"alexsmobs:acacia_blossom":1,"minecraft:glass_bottle":3,"minecraft:diamond":1,"minecolonies:supplycampdeployer":36,"minecraft:birch_sapling":1,"minecraft:iron_helmet":1,"minecraft:rotten_flesh":2,"enigmaticlegacy:magnet_ring":2,"enigmaticaddons:lost_engine":1,"minecraft:dirt":175,"minecraft:gunpowder":7,"minecraft:acacia_sapling":2,"minecraft:iron_axe":1,"alexsmobs:tendon_whip":2,"enigmaticlegacy:enigmatic_amulet":1,"twigs:twig":1},"minecraft:picked_up":{"minecolonies:supplycampdeployer":35,"minecraft:crafting_table":1,"minecraft:leather_chestplate":1,"alexsmobs:acacia_blossom":1,"minecraft:oak_stairs":3,"minecraft:gunpowder":8,"minecraft:dirt":245,"minecraft:iron_axe":1,"undead_unleashed:shaded_bricks":1,"minecraft:netherite_scrap":1,"minecraft:cracked_stone_bricks":2,"minecraft:wheat_seeds":11,"minecraft:candle":6,"minecraft:glass_bottle":3,"twigs:twig":1,"minecraft:iron_sword":1,"minecraft:birch_sapling":2,"minecraft:acacia_sapling":2,"minecraft:acacia_log":8,"farmersdelight:tomato_seeds":3,"alexsmobs:tendon_whip":2,"undead_unleashed:chiseled_shaded_bricks":1,"minecraft:leather_helmet":1,"minecraft:orange_wool":3,"minecraft:dark_oak_planks":2,"minecraft:orange_bed":2,"minecraft:arrow":2,"minecraft:rotten_flesh":4,"undead_unleashed:shaded_brick_stairs":1,"minecraft:diamond":13,"minecraft:hay_block":6,"minecraft:diamond_axe":1,"undead_unleashed:mossy_shaded_bricks":1,"forbidden_arcanus:spawner_scrap":1,"iter_rpg:spawner_fragment":2,"enigmaticlegacy:magnet_ring":1},"minecraft:custom":{"enigmaticlegacy:play_time_with_seven_curses":39455,"lootr:looted_stat":15,"enigmaticlegacy:play_time_without_seven_curses":4549,"minecraft:interact_with_crafting_table":7,"minecraft:open_barrel":3,"minecraft:leave_game":1,"minecraft:time_since_death":1664,"minecraft:sleep_in_bed":12,"minecraft:damage_resisted":0,"minecraft:time_since_rest":1698,"minecraft:sprint_one_cm":82867,"minecraft:damage_taken":4065,"minecraft:walk_one_cm":133260,"minecraft:drop":79,"minecraft:damage_dealt":209,"minecraft:fly_one_cm":75197,"minecraft:open_chest":3,"minecraft:crouch_one_cm":7207,"minecraft:play_time":44338,"minecraft:deaths":8,"minecraft:sneak_time":1595,"minecraft:walk_under_water_one_cm":151,"minecraft:jump":292,"minecraft:aviate_one_cm":307824,"minecraft:walk_on_water_one_cm":921,"minecraft:total_world_time":44338,"minecraft:fall_one_cm":41717},"minecraft:crafted":{"minecraft:crafting_table":1,"minecraft:bread":18,"minecraft:acacia_planks":32,"minecraft:orange_bed":1,"minecraft:wheat":54},"minecraft:used":{"undead_unleashed:chiseled_shaded_bricks":1,"minecraft:iron_sword":3,"minecraft:diamond_axe":11,"undead_unleashed:shaded_bricks":1,"minecraft:orange_bed":3,"minecraft:mossy_cobblestone":1,"minecraft:dirt":69,"minecraft:crafting_table":2,"minecraft:diamond_pickaxe":2,"minecraft:diamond_shovel":177,"minecraft:bread":19,"minecraft:birch_sapling":1,"undead_unleashed:mossy_shaded_bricks":1,"undead_unleashed:shaded_brick_stairs":1,"minecraft:acacia_planks":3,"minecraft:candle":6},"minecraft:mined":{"ars_elemental:yellow_archwood_leaves":3,"minecraft:orange_wool":3,"undead_unleashed:ancient_dirt":2,"minecraft:crafting_table":1,"minecraft:acacia_log":1,"minecraft:grass_block":113,"farmersdelight:wild_tomatoes":1,"minecraft:spawner":1,"minecraft:hay_block":8,"minecraft:birch_leaves":3,"minecraft:grass":9,"minecraft:dirt":60,"minecraft:cracked_stone_bricks":1,"minecraft:orange_bed":2}},"DataVersion":3120}